Topic,Post Date,status,context,LINKEDIN URL
CodeFlow Sentinel: ML-Anomaly Detection Guardrails,2025-12-01,To Do,"Solving my biggest anxiety - preventing secrets from leaking into production

```python
from sklearn.ensemble import IsolationForest
import numpy as np

# The peace of mind I crave when deploying
detector = IsolationForest(contamination=0.1, random_state=42)
telemetry_data = np.array([[0.5, 0.3, 0.8], [0.1, 0.9, 0.2]])
anomaly_scores = detector.fit_predict(telemetry_data)
```

Born from curiosity about what makes systems truly secure. This ML-powered sentinel ensures your deployments are clean, every time.

CTA: Never worry about secrets again",
CodeFlow Hook: Pre-Push Secret Scanning,2025-12-02,To Do,"Built to solve the anxiety of every developer - what if?

```bash
#!/usr/bin/env node
# My nightly thoughts turned into proactive defense
const { execSync } = require('child_process');
const secrets = ['API_KEY', 'SECRET_TOKEN', 'PRIVATE_CERT'];

for (const secret of secrets) {
  const result = execSync(`git diff --cached | grep ${secret}`);
  if (result.toString()) {
    process.exit(1); // Sleep well knowing this catches issues
  }
}
```

The curiosity that led me to structure this platform now gives you peace of mind. Every commit, vetted.

CTA: Sleep soundly after every push",
FastAPI Telemetry Engine - Real-Time Threat Analysis,2025-10-25,To Do,"The structure in security monitoring that I always wished existed

```python
from fastapi import FastAPI
from pydantic import BaseModel

app = FastAPI()

class TelemetryData(BaseModel):
    cpu_usage: float
    memory_mb: int
    network_bytes: int

@app.post('/analyze-threats')
async def analyze_threats(data: TelemetryData):
    # My curiosity about patterns led to this intelligence
    threat_level = 'CRITICAL' if data.cpu_usage > 90 else 'NORMAL'
    return {'threat_level': threat_level}
```

Blending complete structural integrity with ML-powered insights. The enterprise security I always dreamed of building.

CTA: Monitor with intelligence, not just metrics",
Prometheus Observability - Production-Ready Intelligence,2025-10-26,To Do,"The monitoring dashboard I wish I had when things went wrong in production

```python
from prometheus_client import Counter, Histogram

# Finally, structured visibility into system behavior
THREAT_ANALYSIS = Counter('threat_analysis_total', 'Total threat analyses')
RESPONSE_TIME = Histogram('analysis_duration_seconds', 'Analysis duration')

@RESPONSE_TIME.time()
def analyze_flow(data):
    THREAT_ANALYSIS.inc()
    # The curiosity that drove my entire journey
    return detect_anomalies(data)
```

Enterprise-grade observability born from a developer's genuine need to understand their systems at scale.

CTA: See your infrastructure like I always wanted to",
Kubernetes Admission Controllers - Container Security,2025-10-27,To Do,"The security gates I fantasized about implementing in every deployment

```yaml
apiVersion: admissionregistration.k8s.io/v1
kind: ValidatingWebhookConfiguration
metadata:
  name: codeflow-sentinel-webhook
spec:
  webhooks:
  - name: sentinel.codeflow.dev
    rules:
    - operations: ['CREATE', 'UPDATE']
      resources: ['pods']
    clientConfig:
      service:
        name: codeflow-sentinel
        namespace: security
```

Elegant structure meets uncompromising security. Built from the curiosity that powers innovation.

CTA: Secure every container deployment",
Enterprise Knowledge Graph - Structured Intelligence,2025-10-28,To Do,"The interconnected understanding of systems I always craved

```graphql
type Threat @auth(rules: [{allow: role, eq: ""SECURITY_ADMIN""}]) {
  id: ID!
  severity: ThreatLevel!
  timestamp: DateTime!
  affectedSystems: [System!]! @relation
  mitigation: Mitigation

  enum ThreatLevel {
    LOW
    MEDIUM
    HIGH
    CRITICAL
  }
}
```

Structured relationships between security concerns - the architectural clarity that reduces anxiety.

CTA: Connect the dots in your security posture",
Zero-Trust Service Mesh - Authenticated Everything,2025-10-29,To Do,"The trust model that eliminates the biggest cause of my deployment anxiety

```yaml
apiVersion: security.istio.io/v1beta1
kind: AuthorizationPolicy
metadata:
  name: codeflow-zero-trust
spec:
  selector:
    matchLabels:
      security: enabled
  rules:
  - from:
    - source:
        principals: ['cluster.local/ns/*/sa/*']
    to:
    - operation:
        methods: ['*']
        paths: ['/*']
```

Never trust, always verify. The structured approach to security I wish existed everywhere.

CTA: Implement zero-trust by default",
Attribute-Based Access Control - Granular Policies,2025-10-30,To Do,"The permission system that gives me peace of mind implementing complex access rules

```typescript
type PolicyStatement = {
  Effect: 'Allow' | 'Deny';
  Principal: { AWS: string[] };
  Action: string[];
  Resource: string[];
  Condition: {
    StringEquals: { 'aws:PrincipalTag/department': string[] };
    IpAddress: { 'aws:SourceIp': string[] };
  };
};
```

Context-aware permissions that understand the nuances I always wished policies could capture.

CTA: Enforce policies as sophisticated as your security requirements",
Autonomous Security Agents - Distributed Defense,2025-10-31,To Do,"The coordinated defense system I dreamed of building since my first security incident

```typescript
interface AgentMessage {
  id: string;
  sender: AgentId;
  payload: {
    type: 'threat_detected' | 'policy_violation' | 'system_anomaly';
    severity: number;
    context: Record<string, unknown>;
  };
  timestamp: number;
  ttl: number;
}

class MessageBus {
  broadcast(message: AgentMessage): Promise<void> {
    return Promise.all(
      agents.filter(agent => agent.interests.has(message.payload.type))
        .map(agent => agent.receive(message))
    ).then(() => undefined);
  }
}
```

Coordinated security intelligence at machine speed. The architecture that finally made me believe in automated defense.

CTA: Orchestrate security like never before",
GDPR Compliance Framework - Privacy by Design,2025-11-01,To Do,"Privacy frameworks that address the compliance anxiety keeping me up at night

```typescript
interface DataSubjectRequest {
  type: 'SAR' | 'ERASURE' | 'RESTRICT';
  subjectId: string;
  timestamp: Date;
  evidence: Evidence[];
}

const processSAR = async (request: DataSubjectRequest) => {
  // Automated compliance processing - the structure that gives peace
  const data = await querySubjectData(request.subjectId);
  const auditLog = createComplianceAudit(request);
  return generateSubjectReport(data, auditLog);
};
```

Privacy built into every decision. The architectural approach that treats compliance as core functionality.

CTA: Build privacy first, compliance second",
HIPAA Security Controls - Healthcare Data Protection,2025-11-02,To Do,"Protecting sensitive data with the rigor it deserves

```typescript
function encryptPHI(data: PatientData): EncryptedData {
  const masterKey = getCurrentMasterKey();
  const encrypted = crypto.createCipheriv('AES-256-GCM', masterKey.key, masterKey.iv);
  const result = encrypted.update(JSON.stringify(data), 'utf8', 'hex');
  result += encrypted.final('hex');

  return {
    encrypted,
    tag: encrypted.getAuthTag(),
    algorithm: 'AES-256-GCM',
    keyRotationDate: masterKey.rotationDate
  };
}
```

Healthcare data demands uncompromising protection. Built with the same structural integrity as patient safety protocols.

CTA: Secure PHI with enterprise-grade controls",
SOX Audit Trail Automation - Financial Compliance,2025-11-03,To Do,"Automated audit trails that eliminate financial reporting anxiety

```python
def create_audit_trail(transaction: dict, user_id: str) -> AuditEntry:
    \\""\""Immutable audit entries that stand up to any scrutiny\""\""\""\"
    entry = {
        'timestamp': datetime.utcnow(),
        'transaction_id': transaction['id'],
        'user_id': user_id,
        'action': 'CREATE_TRANSACTION',
        'details': sanitize_sensitive_data(transaction),
        'hash': hash_transaction(transaction),
        'blockchain_verified': True
    }

    # Append-only audit chain - the transparency I always wished for
    append_to_immutable_log(entry)
    return entry
```

Financial systems requiring perfect accountability. Built from the curiosity that drives compliance engineering.

"CTA: Automate your SOX compliance journey""",
Incident Response Orchestration - Crisis Management,2025-11-04,To Do,"Structured crisis response that turns chaos into controlled action

```python
class IncidentResponseOrchestrator:
    def __init__(self):
        self.stakeholders = {
            'security': '@sec-team',
            'devops': '@platform-team',
            'executive': '@c-suite'
        }
        self.runbooks = {
            'ransomware': self.contain_ransomware,
            'data_breach': self.contain_breach,
            'service_outage': self.restore_service
        }

    async def trigger_incident_response(self, incident_alert):
        # The peace of mind in having a plan for when things go wrong
        await self.notify_stakeholders(incident_alert)
        await self.execute_runbook(incident_alert.type)
        await self.create_post_mortem(incident_alert)
```

From reactive chaos to proactive orchestration. Built by someone who's been through their share of incidents.

CTA: Transform crisis into controlled response",
Enterprise Identity Management - Multi-Tenant IAM,2025-11-05,To Do,"Identity systems that scale with enterprise complexity

```typescript
interface IdentityProvider {
  authenticate(credentials: Credentials): Promise<UserSession>;
  authorize(user: User, resource: Resource, action: Action): Promise<Decision>;
  audit(access: AccessAttempt): Promise<void>;
}

class EnterpriseIAM implements IdentityProvider {
  private tenants = new Map<TenantId, TenantConfig>();

  async authenticate(credentials: Credentials): Promise<UserSession> {
    // Multi-tenant authentication - the complexity I love solving
    const tenant = this.tenants.get(credentials.tenantId);
    const user = await this.validateCredentials(credentials);
    return this.createSession(user, tenant);
  }
}
```

Identity management that understands the nuances of enterprise scale. Built from genuine curiosity about access patterns.

CTA: Simplify enterprise identity complexity",
CodeFlow CLI: Developer-First Secret Scanning,2025-11-06,To Do,"The command-line companion that gives me confidence in every commit

```bash
$ codeflow scan --secrets
üîç Scanning working directory for secrets...
üìã Found potential secrets:
   - API_KEY in config/production.env
   - DB_PASSWORD in src/database.ts
‚úÖ All secrets properly encrypted or excluded
üöÄ Ready to commit with peace of mind
```

Developer experience focused on eliminating the biggest source of deployment anxiety. Secrets.

CTA: Scan secrets before every commit",
Vector Store Integration - Semantic Security Intelligence,2025-11-07,To Do,"The semantic understanding of security events I always wanted

```python
import faiss
import numpy as np

class SecurityVectorStore:
    def __init__(self):
        self.index = faiss.IndexFlatIP(768)  # Cosine similarity
        self.embeddings = []

    def store_threat_pattern(self, description: str, threat_level: str):
        # Convert natural language to semantic understanding
        embedding = self.encode_text(description)
        self.index.add(np.array([embedding]))
        self.embeddings.append({
            'description': description,
            'threat_level': threat_level,
            'vector': embedding
        })

    def find_similar_threats(self, new_threat: str) -> List[ThreatPattern]:
        # Find security patterns across time and systems
        query_vector = self.encode_text(new_threat)
        distances, indices = self.index.search(np.array([query_vector]), 5)
        return [self.embeddings[i] for i in indices[0]]
```

Semantic security intelligence that understands context, not just patterns. The AI-powered security I dreamed of building.

CTA: Understand security threats semantically",
Autonomous Agent Network - Self-Healing Infrastructure,2025-11-08,To Do,"The self-healing infrastructure that eliminates 3AM alert anxiety

```typescript
class SelfHealingAgent {
  private healthChecks = new Map<ComponentId, HealthCheck>();
  private healingStrategies = new Map<FailureType, HealingStrategy>();

  async monitor(): Promise<void> {
    for (const [componentId, check] of this.healthChecks) {
      const health = await check.execute();
      if (!health.healthy) {
        await this.triggerHealing(componentId, health.failureType);
      }
    }
  }

  private async triggerHealing(componentId: string, failureType: FailureType): Promise<void> {
    // Automated remediation - the peace of mind I built this for
    const strategy = this.healingStrategies.get(failureType);
    await strategy.execute(componentId);
    await this.notifyOwner(`Auto-healed ${componentId} from ${failureType}`);
  }
}
```

Infrastructure that heals itself before humans even wake up. Built from the pain of those 3AM alerts.

CTA: Let your infrastructure heal itself",
Compliance Auditing Integration - Automated Evidence Collection,2025-11-09,To Do,"Audit evidence on demand, not on demand from auditors

```python
def generate_audit_report(framework: str, period: str) -> AuditReport:
    \\""\""Comprehensive audit trails automatically generated\""\""\""\"
    \n    evidence = {\n        'access_logs': query_access_logs(period),\n        'change_records': query_change_management(period),\n        'compliance_checks': query_automated_compliance_checks(period),\n        'user_activities': query_user_audit_trails(period)\n    }\n    \n    # Cryptographically signed audit trail\n    report_hash = hash_report(evidence)\n    signature = sign_report(report_hash, audit_key)\n    \n    return AuditReport(\n        framework=framework,\n        period=period,\n        evidence=evidence,\n        hash=report_hash,\n        signature=signature,\n        generated_at=datetime.utcnow()\n    )
```

Compliance as code, not as checkbox exercises. The audit automation that finally makes compliance teams smile.

CTA: Generate audit reports instantly," every time""",
Multi-Modal Interface Layer - Universal Developer Experience,2025-11-10,To Do,"Interfaces that adapt to how you think, not just what you type

```typescript
interface MultiModalInterface {
  async textQuery(input: string): Promise<Response>;
  async voiceCommand(audio: AudioBuffer): Promise<Response>;
  async gestureInput(gesture: GestureData): Promise<Response>;
  async codeSnippet(code: string, context: Context): Promise<Response>;
}

class IntelligentInterface implements MultiModalInterface {
  private ai = new CodeFlowAI();

  async codeSnippet(code: string, context: Context): Promise<Response> {
    // Understand intent from code patterns, not just syntax
    const intent = await this.ai.analyzeCodeIntent(code, context);
    const suggestions = await this.ai.generateEnhancements(intent);
    return {
      intent,
      suggestions,
      confidence: suggestions.confidence
    };
  }
}
```

User experiences that understand context and intent. The interface design that emerged from understanding developer workflows deeply.

CTA: Interact with code through any modality",
GitOps Security Integration - Infrastructure as Secure Code,2025-11-11,To Do,"Security applied through the same workflows that deploy features

```yaml
# .github/workflows/security-gate.yml
name: Security Gate
on:
  pull_request:
    paths:
      - 'infrastructure/**'
      - 'src/**'
      - '!src/**/*.test.*'

jobs:
  security-scan:
    runs-on: ubuntu-latest
    steps:
      - uses: actions/checkout@v3
      - name: Scan for secrets
        run: codeflow-cli scan --secrets --fail-on-findings
      - name: Security policy check
        run: codeflow-sentinel analyze --policies
      - name: Dependency vulnerability scan
        run: codeflow-cli audit --dependencies
```

Security integrated into development workflows, not bolted on as an afterthought. Built for developer productivity and peace of mind.

CTA: Secure deployments through GitOps",
Performance Monitoring & Anomaly Detection,2025-11-12,To Do,"Performance patterns that reveal issues before they become problems

```python
import time
from collections import deque

class PerformanceMonitor:
    def __init__(self, window_size: int = 1000):
        self.response_times = deque(maxlen=window_size)
        self.anomaly_detector = IsolationForest(contamination=0.05)

    def record_response_time(self, duration: float):
        self.response_times.append(duration)
        if len(self.response_times) >= 100:
            self.detect_performance_anomalies()

    def detect_performance_anomalies(self):
        # Predict performance degradation before it hurts users
        data = np.array(list(self.response_times)).reshape(-1, 1)
        predictions = self.anomaly_detector.fit_predict(data)

        anomaly_count = sum(1 for pred in predictions if pred == -1)
        if anomaly_count > len(self.response_times) * 0.1:
            self.alert_performance_degradation()
```

Performance monitoring that understands normal behavior and flags true anomalies. The observability depth I wish I had in every system.

CTA: Predict and prevent performance issues",
Dynamic Configuration Management - Runtime Security Adaptation,2025-11-13,To Do,"Security policies that adapt to real-time threat intelligence

```typescript
class AdaptiveSecurityManager {
  private threatIntelligence = new ThreatIntelligenceFeed();
  private policyEngine = new PolicyDecisionEngine();

  async adjustSecurityPosture(threatReport: ThreatReport): Promise<void> {
    // Dynamically adjust security based on global threat landscape
    const newPolicies = await this.threatIntelligence.analyze(threatReport);
    const adaptedPolicies = this.policyEngine.generatePolicies(newPolicies);

    // Zero-downtime policy updates
    await this.deployPoliciesGracefully(adaptedPolicies);
    await this.logAdaptation(threatReport, adaptedPolicies);
  }

  private async deployPoliciesGracefully(newPolicies: PolicySet): Promise<void> {
    // Rolling deployment to prevent security gaps during updates
    await this.canaryDeployPolicies(newPolicies);
    await this.validateNewPolicies();
    await this.fullRolloutPolicies(newPolicies);
  }
}
```

Security that evolves with threat landscapes, not static rules that become obsolete. Built from observing how threats actually change.

CTA: Evolve security as fast as threats",
Container Security Scanning - Image Vulnerability Assessment,2025-11-14,To Do,"Container security that prevents vulnerabilities before they reach production

```bash
# Advanced container hardening and scanning
$ codeflow-cli container scan --comprehensive nginx:latest
üîç Scanning image layers for vulnerabilities...
üìä CVSS Score Distribution:
   - Critical: 2 vulnerabilities
   - High: 7 vulnerabilities
   - Medium: 12 vulnerabilities

üõ†Ô∏è Recommended Actions:
   1. Update base image to nginx:1.21-alpine
   2. Remove unused packages (curl, wget)
   3. Add security headers in nginx.conf

‚úÖ SBOM generated: nginx-latest-sbom.spdx.json
```

Container security that goes beyond basic scanning to provide actionable remediation guidance. The comprehensive approach I needed for production deployments.

CTA: Secure containers from development to production",
API Security Gateway - Request Validation & Rate Limiting,2025-11-15,To Do,"API security that protects against the attacks I worry about most

```typescript
const apiGateway = new APISecurityGateway({
  rateLimiting: {
    window: '1m',
    maxRequests: 100,
    burstAllowance: 20
  },
  requestValidation: {
    schema: 'strict',
    sanitize: true,
    threatDetection: true
  },
  authentication: {
    jwtValidation: true,
    apiKeyRotation: '30d',
    mfa: 'required'
  }
});

app.use('/api/*', apiGateway.middleware);

// Real-time security intelligence
gateway.on('suspicious-activity', async (event) => {
  await adaptiveSecurity.respondToThreat(event);
  await complianceLogger.logIncident(event);
});
```

API security that combines protection with intelligence. Built from understanding the real attack vectors that bypass simpler solutions.

CTA: Protect APIs with intelligence, not rules",
Infrastructure as Code Security - Policy as Code,2025-11-16,To Do,"Infrastructure that bakes security into every line of code

```hcl
# Terraform with integrated security policies
resource \aws_security_group\"" \""secure_servers\"" {"
"  name_prefix = \""secure-server-\"""

  # Security policy enforced by CodeFlow
  ingress {
    from_port   = 443
    to_port     = 443
"    protocol    = \""tcp\"""
"    cidr_blocks = [\""10.0.0.0/8\""]  # Only internal access"

    # Automated policy validation
    lifecycle {
      precondition {
        condition     = contains(var.allowed_cidrs, self.cidr_blocks[0])
"        error_message = \""CIDR block must be pre-approved for security compliance\"""
      }
    }
  }

  tags = {
"    SecurityPolicy = \""validated\"""
    LastReview     = timestamp()
  }
}
```

Infrastructure as Code that includes security validation at deployment time. The approach that prevents security debt before it accumulates.

CTA: Secure infrastructure by design," not by chance""",
Secret Management & Rotation - Zero-Trust Key Lifecycle,2025-11-17,To Do,"Secret lifecycle management that eliminates the anxiety of key exposure

```typescript
class SecretManager {
  async rotateSecret(secretId: string, reason: RotationReason): Promise<void> {
    // Encrypted communication with secure key exchange
    const newValue = await this.generateSecureSecret();
    const encryptedValue = await this.encryptForRecipients(newValue);

    // Atomic secret rotation with rollback capability
    await this.atomicRotation(secretId, encryptedValue, reason);

    // Notify dependent systems through secure channels
    await this.notifyConsumers(secretId, 'rotated');

    // Log rotation for compliance audit
    await this.auditLog.log({
      action: 'SECRET_ROTATION',
      secretId,
      reason,
      timestamp: new Date()
    });
  }

  private async atomicRotation(secretId: string, newValue: EncryptedValue, reason: string): Promise<void> {
    // Zero-downtime rotation preventing service disruption
    await this.backupCurrentSecret(secretId);
    await this.updateSecretAtomically(secretId, newValue);
    await this.validateSecretUpdate(secretId);
    await this.notifyValidationSuccess(secretId);
  }
}
```

Comprehensive secret lifecycle management that treats keys with the care they deserve. Built to address the constant anxiety about credential exposure.

CTA: Manage secrets with zero-trust principles",
Code Review Automation - AI-Powered Security Analysis,2025-11-18,To Do,"Code review that finds the security issues I used to miss

```typescript
interface CodeReviewConfig {
  securityRules: SecurityRule[];
  vulnerabilityScanners: VulnerabilityScanner[];
  aiAnalysis: AIAnalysisConfig;
}

const reviewConfig: CodeReviewConfig = {
  securityRules: [
    'no-hardcoded-secrets',
    'secure-defaults',
    'input-validation',
    'sql-injection-prevention'
  ],
  vulnerabilityScanners: [
    'snyk',
    'owasp-dependency-check',
    'codeql'
  ],
  aiAnalysis: {
    model: 'security-focused-llm',
    contextWindow: 32000,
    provideRemediation: true
  }
};

// Automated PR analysis
pullRequest.on('opened', async (pr) => {
  const analysis = await codeflowReview.analyzeChanges(pr);
  const securityIssues = analysis.filter(issue => issue.type === 'security');

  if (securityIssues.length > 0) {
    await pr.addReviewComments(securityIssues);
    await pr.requestChanges();
  }
});
```

Code review automation that combines traditional static analysis with AI-powered security insight. The comprehensive approach that finds issues before they reach production.

CTA: Automate security code reviews with AI",
Compliance Reporting Dashboard - Real-Time Regulatory Status,2025-11-19,To Do,"Compliance visibility that eliminates audit season anxiety

```typescript
interface ComplianceDashboard {
  frameworks: ComplianceFramework[];
  realTimeStatus(): Observable<ComplianceStatus>;
  generateReports(): Promise<ComplianceReport[]>;
}

const dashboard: ComplianceDashboard = {
  frameworks: ['GDPR', 'HIPAA', 'SOX', 'PCI-DSS'],

  realTimeStatus() {
    return merge(
      this.monitorGDPRCompliance(),
      this.monitorHIPAACompliance(),
      this.monitorSOXCompliance(),
      this.monitorPCIDSSCompliance()
    ).pipe(
      map(statuses => this.aggregateComplianceStatus(statuses)),
      shareReplay(1)
    );
  },

  async generateReports() {
    return await Promise.all(
      this.frameworks.map(framework =>
        this.generateFrameworkReport(framework)
      )
    );
  }
};

// Live compliance monitoring
dashboard.realTimeStatus().subscribe(status => {
  if (status.overallHealth < 0.95) {
    alertStakeholders(status);
  }
});
```

Compliance monitoring that provides real-time visibility into regulatory status. Built to eliminate the surprise audits and last-minute scramble.

CTA: Monitor compliance in real-time, all the time",
Production Incident Simulation - Chaos Engineering Security,2025-11-20,To Do,"Test security under failure conditions to ensure resilience

```yaml
# Chaos engineering with security focus
apiVersion: chaos-mesh.org/v1alpha1
kind: Experiment
metadata:
  name: security-chaos-testing
spec:
  selector:
    namespaces:
      - production
    labelSelectors:
      security: enabled
  mode: all
  action: network-delay
  duration: 5m
  scheduler:
    cron: \0 2 * * *\""  # Weekly chaos testing"
  securityMonitors:
    - type: anomaly-detection
      threshold: high
    - type: threat-intelligence
      sources: [abuseipdb, threatfox]
    - type: compliance-violation
      frameworks: [GDPR, SOX]
```

Chaos engineering that tests security controls under failure conditions. Built from understanding that security must be resilient, not just present.

"CTA: Test security resilience through controlled chaos""",
DevSecOps Pipeline Integration - Security in Every Stage,2025-11-21,To Do,"Security baked into every stage of the development lifecycle

```yaml
stages:
  - security-analysis
  - build
  - security-testing
  - deploy
  - runtime-security

security-analysis:
  stage: security-analysis
  script:
    - echo \üîç Running comprehensive security analysis...\"""
    - codeflow-sentinel analyze --comprehensive
"    - echo \""üõ°Ô∏è Security analysis complete - $(cat security-report.json | jq '.score')% score\"""

security-testing:
  stage: security-testing
  script:
"    - echo \""üß™ Executing security test suites...\"""
    - npm run security-tests
    - docker run --rm owasp/zap2docker-stable zap-baseline.py -t $APP_URL
"    - echo \""‚úÖ Security tests passed\"""

runtime-security:
  stage: deploy
  environment: production
  script:
"    - echo \""üèóÔ∏è Deploying with runtime security...\"""
    - kubectl apply -f k8s/security-admission-controller.yaml
    - helm upgrade codeflow-sentinel ./charts/sentinel
```

DevSecOps pipeline that integrates security tools seamlessly into development workflows. The comprehensive approach that prevents security regression.

"CTA: Integrate security into every pipeline stage""",
Cloud Security Posture Management - CSPM Integration,2025-11-22,To Do,"Cloud security that understands your infrastructure depth

```terraform
# Comprehensive CSPM configuration
resource \codeflow_cspm\"" \""aws_posture\"" {"
  provider = aws

  # Multi-account security assessment
  accounts = var.target_accounts

  # CIS Benchmark compliance
  benchmarks = [
"    \""cis-aws-foundations-benchmark\""",
"    \""pci-dss-v3.2.1\""",
"    \""nist-800-53-r5\"""
  ]

  # Real-time configuration monitoring
  real_time_monitoring {
    enabled = true
"    alert_channels = [\""slack\"""," \""email\""]"

    rules {
"      s3_bucket_public_access = \""alert\"""
"      ec2_security_group_overly_permissive = \""block\"""
"      rds_encryption_disabled = \""alert\"""
    }
  }

  # Automated remediation
  remediation {
    enabled = true
    approval_required = true

    actions {
"      enable_s3_encryption = \""auto\"""
"      remove_public_s3_buckets = \""manual_review\"""
"      update_security_groups = \""auto\"""
    }
  }
}
```

Cloud Security Posture Management that provides comprehensive visibility across multi-account, multi-region infrastructure. The security intelligence I wish was standard for cloud deployments.

"CTA: Secure your cloud infrastructure comprehensively""",
AI-Powered Threat Hunting - Predictive Security Intelligence,2025-12-01,To Do,"The threat hunting intelligence that predicts attacks before they happen

```python
from codeflow_ai import ThreatHunter, ThreatPredictor

class AIPoweredHunting:
    def __init__(self):
        self.threat_hunter = ThreatHunter(model='gpt-4-security')
        self.predictor = ThreatPredictor()

    async def hunt_threats(self, environment_data):
        # AI-powered analysis of behavior patterns
        suspicious_patterns = await self.threat_hunter.analyze_behavior(
            environment_data,
            context={'industry': 'tech', 'compliance': ['GDPR', 'SOX']}
        )

        # Predict attack vectors using ML
        predictions = await self.predictor.forecast_attacks(
            historical_data=environment_data,
            time_window='7d',
            confidence_threshold=0.85
        )

        # Generate proactive defense measures
        defenses = await self.generate_adaptive_defenses(
            predictions,
            current_posture=environment_data.security_config
        )

        return {
            'threats_detected': len(suspicious_patterns),
            'predicted_attacks': predictions,
            'defensive_measures': defenses
        }
```

Threat hunting that uses AI to predict and prevent attacks, not just react to them. The defensive intelligence born from understanding attacker psychology and system vulnerabilities.

CTA: Hunt threats before they hunt you",
Regulatory Intelligence Network - Compliance Evolution,2025-12-02,To Do,"Compliance that adapts to regulatory changes automatically

```typescript
interface RegulatoryIntelligence {
  monitorRegulations(): Observable<RegulationChange>;
  assessComplianceImpact(change: RegulationChange): Promise<ImpactAssessment>;
  generateRemediationPlan(assessment: ImpactAssessment): Promise<RemediationPlan>;
}

class AdaptiveComplianceManager implements RegulatoryIntelligence {
  private regulatoryFeeds = [
    'gdpr-updates.eu',
    'hipaa-announcements.hhs.gov',
    'sox-regulatory.pcaobus.org',
    'nist-sp-800-updates.gov'
  ];

  monitorRegulations() {
    return merge(
      ...this.regulatoryFeeds.map(feed =>
        this.pollRegulatoryFeed(feed).pipe(
          map(update => ({...update, source: feed})),
          catchError(err => this.handleFeedError(feed, err))
        )
      )
    ).pipe(
      distinctUntilChanged((prev, curr) => prev.hash === curr.hash),
      share()
    );
  }

  async assessComplianceImpact(change: RegulationChange): Promise<ImpactAssessment> {
    # Analyze current compliance posture against new requirements
    const currentPosture = await this.getCurrentComplianceStatus();
    const gapAnalysis = await this.performComplianceGapAnalysis(
      change.requirements,
      currentPosture
    );

    return {
      severity: gapAnalysis.severity,
      affectedSystems: gapAnalysis.impactedSystems,
      timeline: this.calculateRemediationTimeline(gapAnalysis),
      cost: this.estimateComplianceCost(gapAnalysis)
    };
  }
}
```

Regulatory compliance that stays ahead of changes, not behind them. The comprehensive approach that ensures your compliance efforts are as future-proof as your technical architecture.

CTA: Stay compliant through intelligence, not reaction",
Zero-Knowledge Security Architecture - Privacy-Preserving Security,2025-12-03,To Do,"Security that protects without seeing your data

```typescript
class ZeroKnowledgeSecurity {
  private crypto = new HomomorphicEncryption();
  private zkp = new ZeroKnowledgeProofs();

  async analyzeEncryptedData(clientData: EncryptedPayload, analysisType: string): Promise<AnalysisResult> {
    // Perform security analysis on encrypted data without decryption
    const homomorphicAnalysis = await this.crypto.evaluateFunction(
      clientData,
      this.getSecurityAnalysisFunction(analysisType)
    );

    // Generate zero-knowledge proof of compliance
    const complianceProof = await this.zkp.proveCompliance(
      analysisResult,
      this.getComplianceCriteria(analysisType)
    );

    # Create verifiable credential for audit
    const credential = await this.issueVerifiableCredential({
      analysisType,
      timestamp: new Date(),
      complianceProof,
      auditorPublicKey: this.auditorKey
    });

    return {
      result: homomorphicAnalysis.result,
      proof: complianceProof,
      credential
    };
  }

  private getSecurityAnalysisFunction(analysisType: string) {
    // Returns homomorphic function for the specific analysis type
    return (encryptedData) => {
      switch(analysisType) {
        case 'threat-detection': return this.threatDetectionFunction;
        case 'compliance-check': return this.complianceCheckFunction;
        case 'anomaly-scoring': return this.anomalyScoringFunction;
        default: throw new Error('Unsupported analysis type');
      }
    };
  }
}
```

Security that respects privacy as much as it enforces protection. The mathematical approach to security that gives you both confidentiality and assurance.

CTA: Secure data without seeing it",
Digital Forensics & Incident Reconstruction - Automated Evidence Collection,2025-12-04,To Do,"Incident investigation that preserves evidence and tells the complete story

```python
import hashlib
from datetime import datetime, timezone

class DigitalForensicsEngine:
    def __init__(self):
        self.evidence_chain = []
        self.chain_of_custody = []

    async def capture_incident_scene(self, incident_id: str, evidence_sources: List[str]):
        \\""\""Capture volatile evidence with chain of custody\""\""\"""

        # Create forensic image of system state
        forensic_image = await self.create_memory_dump(evidence_sources[0])

        # Calculate evidentiary hash for integrity
        evidence_hash = hashlib.sha256(forensic_image).hexdigest()

        # Timestamp and sign evidence
        timestamp = datetime.now(timezone.utc)
        signed_evidence = await self.sign_evidence(evidence_hash, timestamp)

        # Add to evidence chain with metadata
        evidence_entry = EvidenceEntry(
            incident_id=incident_id,
            timestamp=timestamp,
            evidence_type='memory_dump',
            source=evidence_sources[0],
            hash=evidence_hash,
            signature=signed_evidence.signature,
            custody_chain=self.chain_of_custody.copy(),
            metadata={
                'tool_version': self.version,
                'collection_method': 'automated',
                'integrity_verification': 'sha256'
            }
        )

        self.evidence_chain.append(evidence_entry)
        await self.log_custody_transfer(evidence_entry)

        return evidence_entry

    async def reconstruct_attack_timeline(self, incident_id: str) -> AttackTimeline:
"        \""\""\""Reconstruct the complete attack narrative\""\""\"""

        # Correlate evidence across sources
        correlated_events = await self.correlate_evidence(self.evidence_chain, incident_id)

        # Build temporal sequence
        timeline = self.build_temporal_sequence(correlated_events)

        # Identify attacker TTPs (Tactics, Techniques, Procedures)
        ttps = await self.identify_attack_ttps(timeline)

        return AttackTimeline(
            incident_id=incident_id,
            events=timeline.events,
            ttps_identified=ttps,
            confidence_score=self.calculate_timeline_confidence(timeline)
        )
```

Digital forensics that handles evidence with the same care as physical crime scenes. The investigative approach that ensures no stone is left unturned.

"CTA: Investigate incidents with forensic precision""",
Human-Centric Security Design - Reducing Security Fatigue,2025-12-05,To Do,"Security that understands human behavior and reduces cognitive load

```typescript
interface HumanCentricSecurity {
  adaptiveUX: AdaptiveUserExperience;
  cognitiveLoadMonitor: CognitiveLoadMonitor;
  securityHabits: SecurityHabitBuilder;
}

class AdaptiveSecurityInterface implements HumanCentricSecurity {
  private userProfile = new UserSecurityProfile();
  private fatigueMonitor = new SecurityFatigueMonitor();

  async presentSecurityDecision(decision: SecurityDecision): Promise<DecisionResult> {
    // Assess user's current cognitive state
    const cognitiveLoad = await this.fatigueMonitor.assess_load(
      this.userProfile.userId,
      decision.complexity
    );

    // Adapt presentation based on context
    const presentation = await this.selectOptimalPresentation(
      decision,
      cognitiveLoad,
      this.userProfile.preferences
    );

    // Guide user with minimal friction
    const guided = await this.applyBehavioralNudges(
      presentation,
      this.userProfile.security_habits
    );

    return guided.result;
  }

  private async selectOptimalPresentation(
    decision: SecurityDecision,
    load: CognitiveLoad,
    preferences: UserPreferences
  ): Promise<Presentation> {

    if (load > 0.8) {
      // High cognitive load - simplify
      return this.simplifiedPresentation(decision);
    } else if (preferences.detail_level === 'expert') {
      // Expert user - provide technical details
      return this.technicalPresentation(decision);
    } else if (this.userProfile.learning_mode) {
      // Education mode - add explanations
      return this.educationalPresentation(decision);
    } else {
      // Default balanced approach
      return this.balancedPresentation(decision);
    }
  }
}
```

Security that works with human psychology, not against it. Born from understanding that security succeeds when people embrace it, not resist it.

CTA: Design security for humans, not machines",
Quantum-Safe Cryptography Migration - Future-Proofing Security,2025-12-06,To Do,"Cryptography that will survive quantum computing threats

```typescript
class QuantumSafeMigrationPlanner {
  private cryptoInventory = new CryptographicAssetInventory();
  private quantumResistanceAnalyzer = new QuantumResistanceAnalyzer();
  private migrationPlanner = new AutomatedMigrationPlanner();

  async assessQuantumReadiness(organization: OrganizationProfile): Promise<QuantumReadiness> {

    // Inventory all cryptographic assets
    const assets = await this.cryptoInventory.discoverAndCatalog(
      organization.infrastructure
    );

    // Analyze quantum resistance of each asset
    const analysis = await this.quantumResistanceAnalyzer.analyzeAssets(assets);

    // Categorize by quantum vulnerability
    const categorized = this.categorizeByVulnerability(analysis);

    // Generate migration roadmap
    const roadmap = await this.migrationPlanner.generateQuantumMigrationPlan(
      categorized,
      organization.constraints,
      organization.timeline
    );

    return {
      current_posture: analysis.overall_quantum_resistance_score,
      vulnerable_assets: categorized.vulnerable.length,
      migration_roadmap: roadmap,
      estimated_cost: roadmap.totalCost,
      estimated_duration: roadmap.totalDurationMonths
    };
  }

  private categorizeByVulnerability(analysis: AssetAnalysis): CategorizedAssets {
    return {
      quantum_safe: analysis.assets.filter(a => a.quantum_resistance >= 0.9),
      needs_upgrade: analysis.assets.filter(a => a.quantum_resistance >= 0.5 && a.quantum_resistance < 0.9),
      vulnerable: analysis.assets.filter(a => a.quantum_resistance < 0.5)
    };
  }
}
```

Quantum-safe cryptography migration planning that ensures your security infrastructure survives the quantum computing revolution. The forward-thinking approach to cryptographic agility.

CTA: Prepare your cryptography for the quantum era",
AI Ethics & Governance Framework - Responsible Security AI,2025-12-07,To Do,"AI security systems that are as ethical as they are effective

```typescript
interface EthicalSecurityAI {
  fairnessAuditor: FairnessAuditor;
  biasDetector: BiasDetectionEngine;
  accountabilityTracker: DecisionAccountabilityTracker;
  transparencyEngine: TransparencyReportingEngine;
}

class EthicalSecurityAI implements EthicalSecurityAI {
  private ethicsFramework = new AIEthicsFramework([
    'fairness', 'accountability', 'transparency', 'privacy', 'safety'
  ]);

  async evaluateSecurityDecision(
    decision: SecurityDecision,
    context: DecisionContext
  ): Promise<EthicalEvaluation> {

    // Fairness analysis - ensure equal treatment
    const fairness = await this.fairnessAuditor.analyze(
      decision,
      context.user_profiles
    );

    // Bias detection - identify discriminatory patterns
    const bias = await this.biasDetector.scan(
      decision,
      context.historical_decisions
    );

    // Accountability tracking - log decision rationale
    const accountability = await this.accountabilityTracker.record(
      decision,
      context.ai_model_version,
      context.training_data_characteristics
    );

    // Transparency reporting - explainable AI
    const transparency = await this.transparencyEngine.generateExplanation(
      decision,
      'natural-language'
    );

    return {
      overall_score: this.calculateEthicsScore(fairness, bias, accountability, transparency),
      recommendations: this.generateEthicalImprovements(fairness, bias, accountability, transparency),
      audit_trail: {
        timestamp: new Date(),
        decision_id: decision.id,
        ethics_evaluation: {fairness, bias, accountability, transparency}
      }
    };
  }
}
```

AI-powered security that maintains ethical standards and human accountability. The responsible approach to AI that doesn't sacrifice ethics for effectiveness.

CTA: Build ethical AI security systems",
CodeFlow Commander: The Complete Security Platform,2025-12-08,To Do,"The comprehensive security platform born from real developer anxiety and curiosity

Born from solving my own deployment nightmares - pushing secrets into production, the anxiety of what's lurking in my infrastructure, the constant worry of compliance demands. Every component you see here emerged from genuine need and relentless curiosity about what makes systems truly secure.

```bash
# The platform that started with a developer's sleepless nights
$ codeflow deploy --secure
üîç Scanning for secrets... ‚úÖ
üõ°Ô∏è Sentinel analysis... ‚úÖ
üìä Compliance check... ‚úÖ
üöÄ Deploying with confidence... ‚úÖ

Sleep soundly - your infrastructure is protected.
```

The difference between reactive security tools and a platform built from understanding developer psychology. Each feature addresses real pain points, reduces actual anxiety, and gives you the peace of mind to build great software.

CTA: Experience security that solves real developer problems",
